id,drug_id,sentence_index,sentences,DI1,DI2,DI3,DI4,DI5,DI6,DI7,DI8,DI9,DI10
4,lexapro.5,4,I did experience relief of my depression initially with the 10mg per day dose.,depression,,,,,,,,,
11,lexapro.21,11,I would rather have panic attacks and be depressed than take another pill of Lexapro!,panic attacks,depressed,,,,,,,,
7,lexapro.31,7,"I was taking Ativan, Ambien, Atenolol and Lexapro for the anxiety and depression and have quit them all cold turkey.",anxiety,depression,,,,,,,,
1,lexapro.32,1,"Constant yawning,severe tremors,headache, lost all sex drive the first day, couldn't orgasm if I tried, terrible jaw clenching, helped somewhat with social anxiety, but general anxiety got worse, panic attacks increased,.",social anxiety,,,,,,,,,
4,lexapro.36,4,"It was frankly disturbing, and I think going off the drug and feeling healthy and whole again has done more for my depression than any medication ever has.",depression,,,,,,,,,
5,lexapro.36,5,"I've heard great things about what this drug can do for depression, but the side effects are a real possibility.",depression,,,,,,,,,
4,lexapro.40,4,"Compared to previous medication I was taking, Lexapro did in fact take away my physical pain I was suffering, but has caused so much more in emotional pain.",physical pain,,,,,,,,,
2,lexapro.41,2,"After being on Wellbutrin for about 6 months with good results, I went off medication altogether, Unfortunately, my depression returned with a vengeance after about 7 months.",depression,,,,,,,,,
6,lexapro.42,6,"I do not see the point of taking Lexapro-type SSRI's for anxiety, which was my primary issue for taking it.",anxiety,,,,,,,,,
1,lexapro.43,1,"nausea, dizziness, spaciness, lack of coordination, massive headache in morning that lasts all day, feeling generally ""hungover"", lack of energy/motivation, dry mouth, jaw clenching, Dr. prescribed this to ""give me a better outlook, engergy, and be able to face the day"" because of depression related to death of parents/divorce/job cut/ and resulting overwhelming responsibilities related to those factors.",depression,,,,,,,,,
2,lexapro.43,2,I had a previous bad experience with Zoloft 10 yrs ago when a dr. misdiagnosed my hypothryroidism for depresssion instead.,depresssion,,,,,,,,,
3,lexapro.50,3,"AND CALLED 911)  I started on 10 and I felt very depressed still, actually worse, panicky and extremely anxious, then the pdoc doubled my dose to 20!",depressed,,,,,,,,,
2,lexapro.57,2,"It certainly erased the anxiety, but I hardly feel human anymore.",anxiety,,,,,,,,,
6,lexapro.58,6,Now my anxiety is up but my depression is decreasing.,depression,,,,,,,,,
7,lexapro.64,7,I tried it because my bipolar manifests as depression for the winter months.,bipolar,depression,,,,,,,,
7,lexapro.68,7,Helpful with anxiety.,anxiety,,,,,,,,,
5,lexapro.69,5,"Lexapro really helps with my anger problem, especially toward my kids and husband.",anger,,,,,,,,,
3,lexapro.70,3,I started on 10mg and continued to have anxiety so the dosage was increased.,anxiety,,,,,,,,,
1,lexapro.71,1,"Initially, Lexapro seemed to agree with me except for the occasional bad nightmare, Now, after 4 years of use, I am no longer depressed, but I am exhausted all the time.",depressed,,,,,,,,,
3,lexapro.75,3,"I basically needed to use it to get rid of a severe anxiety that I let gradually build up on its own before I did anything about it, but I could feel it working in situations where I would normally get a little anxious as well.",anxiety,anxious,,,,,,,,
2,lexapro.79,2,Its early days so far but I do think it has taken the edge of my anxiety and obsessing.,anxiety,obsessing,,,,,,,,
3,lexapro.79,3,The depression is so terrible that I am very keen to give Lexapro a fair try.,depression,,,,,,,,,
2,lexapro.80,2,I would say that the drug did remove the initial anxiety and depression I was feeling.,anxiety,depression,,,,,,,,
2,lexapro.84,2,"Worked really well first six months or so for my depression but after several freaky alcohol incidents where I drank 3-4 glasses of wine and then blacked out completely, I cut down my dosage from 20 to 10 mg and plan to go back on Welbutrin at my next doctor's consult.",depression,,,,,,,,,
2,lexapro.85,2,It is now back to 112/72)  Lexapro worked great for my depression after only 2 days.,depression,,,,,,,,,
2,lexapro.89,2,Lexapro is a good drug for anxiety.,anxiety,,,,,,,,,
2,lexapro.90,2,"Lexapro has helped with my depression, but not so much the anxiety.",depression,anxiety,,,,,,,,
3,lexapro.91,3,"I will be going back to the doctor in 2 weeks, I am on 10 mg and I think we will have to go to 20mg, because I still feel anxious (chest is tight, heavy sighing.).",anxious,chest is tight,heavy sighing,,,,,,,
2,lexapro.92,2,"I really didn't think that I was depressed, but I think since taking the Lexapro, my mood has lifted.",depressed,mood has lifted,,,,,,,,
4,lexapro.92,4,"My anxiety improved slightly for a week, but this week seems to be worse than ever.",anxiety,,,,,,,,,
4,lexapro.93,4,"This medication orginally did wonders for my wellbeing and anxiety, However, I needed to come off it as it often impaired my memory .",anxiety,,,,,,,,,
1,lexapro.95,1,I must say that this medication helped with depression.,depression,,,,,,,,,
2,lexapro.95,2,Right after i started it my crying spells stopped and suicidal thoughts were gone.,crying spells,suicidal thoughts,,,,,,,,
4,lexapro.95,4,"I have goten much calmer and was able to to face day to day problems without huge anxiety and stress, So overall .",anxiety,stress,,,,,,,,
1,lexapro.101,1,"At 10mg/day for 2 months, my depression persisted and my doctor increased me to 20mg/day.",depression,,,,,,,,,
4,lexapro.101,4,"This was only acceptable because my depression symptoms went away,completely.",depression,,,,,,,,,
2,lexapro.102,2,It's six days now and the obsessive endless thoughts about a bad event in my life are already subsiding.,obsessive endless thoughts,,,,,,,,,
2,lexapro.103,2,It worked for my anxiety for a year and then it stopped.,anxiety,,,,,,,,,
3,lexapro.106,3,"Kind of a relief from racing thoughts, but scary because I might as well be in a coma.",racing thoughts,,,,,,,,,
3,lexapro.107,3,"This means fibromyalgia pain is back with a vengeance, However, I no longer am suicidal and this got rid of a 4-day-long panic attack within 1 day of commencing.",fibromyalgia ,suicidal,panic attack,,,,,,,
2,lexapro.108,2,"I started taking lexapro to help with depression,I think for me its depression that leads to my anxiety,not the other way around.",depression,,,,,,,,,
5,lexapro.109,5,"It has definately helped with my uncontrollable crying and incesant thoughts about death, However, the main reason I take it is for anxiety.",uncontrollable crying,incesant thoughts about death,anxiety,,,,,,,
1,lexapro.110,1,"light headed and increased anxiety the first few days, then subsided.",anxiety,,,,,,,,,
3,lexapro.110,3,stopped using lexapro for 4 months or so and became extremely depressed again.,depressed,,,,,,,,,
10,lexapro.114,10,"I am not depressed, but I feel that life is without excitement.",depressed,,,,,,,,,
3,lexapro.115,3,"My life is easier, lighter, I'm capable of working out the issues that lead me to depression, when before all I could do was cry.",depression,cry,,,,,,,,
2,lexapro.118,2,Lexapro keeps me out of deep depression.,deep depression,,,,,,,,,
4,lexapro.118,4,"I still have down days, and am frequently moody, But, life is better with it than without it.",down days,moody,,,,,,,,
3,lexapro.119,3,Before I was barely functional and honestly might not be here.,barely functional,,,,,,,,,
3,lexapro.120,3,10mgs daily Lexapro has helped my anxiety and has chilled me out.,anxiety,chilled me out,,,,,,,,
4,lexapro.120,4,I don't get as upset about things nor do I worry myself crazy anymore.,upset,worry,,,,,,,,
10,lexapro.120,10,My mood is definitely lifted although my energy is really low.,My mood is definitely lifted,,,,,,,,,
7,lexapro.121,7,"Over the 10 years, it has done a great job at lowering my anxiety and evening me out.",anxiety,evening me out,,,,,,,,
2,lexapro.122,2,Works well for depression and anxiety.,depression,anxiety,,,,,,,,
3,lexapro.123,3,"life saver for ""intrusive thoughts"" brought on by anxiety",intrusive thoughts,anxiety,,,,,,,,
3,lexapro.124,3,"Lexapro has been great as far as balancing out my mood, and making me feel much less anxious and happy overall, However, the drowsiness is becoming a pretty big problem, especially when I am sleeping an average of 12 hours a day (mostly in 4-5 hour naps).",anxious,balancing out my mood,anxious,,,,,,,
2,lexapro.126,2,"I was very suicidal when put on Lexapro and it helped me relax a great deal, I was so much more happy on it but had to stop taking it due to it causing hair loss and it killed my sex drive and feeling.",suicidal,,,,,,,,,
3,lexapro.128,3,It has helped me so much and the depression and anxiety are gone.,depression,anxiety,,,,,,,,
2,lexapro.129,2,Helped with depression after postpartum but I am considering trying to stop due to severe night sweats & cost of Lexapro.,depression after postpartum,,,,,,,,,
3,lexapro.130,3,"I started this six months ago amidst a battle with depression, in addition to having bulimia and trichotillomania.",depression,bulimia,trichotillomania,,,,,,,
5,lexapro.130,5,"I lost my mother three months ago, and I don't know what I would have done if I weren't already on Escitalopram.",lost my mother,,,,,,,,,
6,lexapro.130,6,No urge to return to my old habits despite my unbelievable stress level.,No urge to return to my old habits,,,,,,,,,
4,lexapro.131,4,I've tried quite a few antidepressants and this one seems to be the one that handles my depression and I can live with the side effects.,depression,,,,,,,,,
7,lexapro.131,7,"Some people have mentioned that this medicine doesn't work for mild depression, just major or suicidal depressives, I disagree.",mild depression,major depression,suicidal depressives,,,,,,,
5,lexapro.133,5,"Before taking Lexapro, I was having panic attacks at least twice a week.",panic attacks,,,,,,,,,
9,lexapro.133,9,"It was getting quite debilitating because my work requires driving to different places at times, Now, for the 10 months I've been taking Lexapro, I've only had three instances where I could feel myself going into a panic attack .",panic attack,,,,,,,,,
16,lexapro.133,16,The alternative right now would be having the weekly panic attacks again which I am in no mood to continue.,panic attacks,,,,,,,,,
17,lexapro.133,17,I also notice not worrying so much anymore about things .,worrying,,,,,,,,,
18,lexapro.133,18,"I used to worry about everything, Problems don't seem so overwhelming.",worrying,Problems seem so overwhelming,,,,,,,,
19,lexapro.133,19,I also have noticed that I don't get so upset and rattled by other people's rudeness or nasty comments anymore.,upset,rattled,,,,,,,,
2,lexapro.134,2,"Once the Med had firmly taken hold of me, my life turned from one full of anxiety, fear and depression, too one of absolute fulfillment and happiness.",anxiety,fear,depression,,,,,,,
2,lexapro.135,2,I'm bipolar and was experiencing major depression despite my antibipolar meds (which luckily stopped the manic episodes).,bipolar,major depression,manic episodes,,,,,,,
3,lexapro.135,3,lexapro has caused NO mania and has really helped the depression-i no longer want to kill myself everyday.,depression,want to kill myself,,,,,,,,
3,lexapro.137,3,"It helped my depression tremendously, but sexual side effects are severe in my case.",depression,,,,,,,,,
3,lexapro.138,3,"Possible side affect was reduced sexual desire, but my doctor said this could be just from the depression and stress itself.",depression,stress,,,,,,,,
2,lexapro.139,2,I initially took Lexapro at 10mg with my Wellbutrin in order to stop a debilitating depressive episode from progressing.,debilitating depressive episode,,,,,,,,,
5,lexapro.139,5,"After about 4 months of being off, I noticed my irritability and anxiety increasing, so my new doc suggested a measly 2.5 mg dosage.",irritability,anxiety,,,,,,,,
11,lexapro.139,11,"When my side effects are difficult to deal with, I remember that a debilitating major depressive episode, wanting to curl up and die, is FAR worse and I am thankful that I have options to help me live a normal life.",debilitating major depressive episode,wanting to curl up and die,,,,,,,,
5,lexapro.140,5,For me it became a question of balance: Lexapro side effects vs. depression and its side effects.,depression,,,,,,,,,
6,lexapro.140,6,"After 1 1/2 years on Lexapro, I believe that it has a very short shelf life, less than 30 days, and is extremely sensitive to temperature/humidity fluctuations & extremes, Every month, when I'm down to my last 3-8 pills of my supply, I notice that I get depressed often and have sudden mood swings.",depressed,mood swings,,,,,,,,
9,lexapro.140,9,"I'm a stay-at-hme-dad of toddler & infant and am glad that I'm not depressed with anxiety while raising them, That said, I can't wait until I'm ready to stop, WEIGHT GAIN: 6,7%",depressed,anxiety,,,,,,,,
10,lexapro.141,10,"It has calmed my anxiety down alot, before I could hardly bare to be social,social situations just scared me to death.",anxiety,could hardly bare to be social,social situations just scared me,,,,,,,
4,lexapro.143,4,I feel like myself and don't get upset or angry as easily., upset,angry,,,,,,,,
2,lexapro.146,2,I started taking 10 mg lexapro after I developed post natal depression.,post natal depression,,,,,,,,,
5,lexapro.146,5,It made me feel so much better and completely stopped the anxiety and panic attacks.,anxiety,panic attacks,,,,,,,,
4,lexapro.150,4,I'm no longer worrying about the next time I'm going to get depressed or have a panic attack.,worrying,depressed,panic attack,,,,,,,
7,lexapro.150,7,"I resisted taking this medicine at first, but decided it was for the best when my depression and anxiety started getting in the way of my functioning normally.",depression,anxiety,,,,,,,,
2,lexapro.152,2,"I took Lexapro together with Wellbutrin to ""correct"" concurrent depression and anxiety.",depression,anxiety,,,,,,,,
3,lexapro.152,3,"At the time I started the drugs, I was in a major depression.",depression,,,,,,,,,
6,lexapro.153,6,"I've been more socially confident, been told for the first time that I'm outgoing, and haven't had as much anxiety.",anxiety,,,,,,,,,
10,lexapro.153,10,"Although I took my missed dose this afternoon, the symptoms are lingering, Rather disturbing, and I wonder how the hell I'm going to get off this stuff, But Lexy's different for everyone, and it certainly has helped out with my anxiety.",anxiety,,,,,,,,,
2,lexapro.154,2,This drug worked very well for anxiety and mild depression.,anxiety,depression,,,,,,,,
6,lexapro.154,6,I was actually able to overcome a long-standing fear of flying.,long-standing fear of flying,,,,,,,,,
4,lexapro.156,4,It has really helped with my depression and my ability to handle things.,depression,,,,,,,,,
5,lexapro.156,5,"My anxiety is much calmer, although still present.",anxiety,,,,,,,,,
6,lexapro.156,6,"I haven't had any episodes or panic attacks since I started it, except for a three day period when I couldn't get my prescription refilled, so went without.",panic attacks,,,,,,,,,
3,lexapro.158,3,Most of the fatigue passed after a week or so., fatigue ,,,,,,,,,
4,lexapro.158,4,I've found that the side effects are tolerable in exchange for the remarkably stable feeling I have and the absence of any depression or suicidal thoughts.,depression,suicidal thoughts,,,,,,,,
3,lexapro.159,3,"Still have some depression symptoms (crying, etc), but it takes the edge away for the most part.",depression,crying,,,,,,,,
4,lexapro.160,4,Social anxiety is gone and im feeling good helped me with withdrawal symptoms from alcohol and marijuana use.,social anxiety, withdrawal symptoms from alcohol and marijuana use, withdrawal symptoms from marijuana use,,,,,,,
5,lexapro.160,5,Used to have severe depression now i dont.,depression,,,,,,,,,
6,lexapro.160,6,Suggest use for anyone who has anxiety in social environments.,anxiety in social environments,,,,,,,,,
5,lexapro.162,5,"His notion is validated by my increased ability to sleep, which is never possible if I'm anxious.",increased ability to sleep, anxious,,,,,,,,
6,lexapro.164,6,At times I felt very anxious for no reason and at different times in the day but these negative side effects paled next to the depression i was stuck in before lexapro.,depression,,,,,,,,,
3,lexapro.165,3,I feel more energetic and my anxiety is now manageable.,anxiety,,,,,,,,,
3,lexapro.166,3,It really helped my OCD.,OCD,,,,,,,,,
4,lexapro.166,4,Without it I would still be counting every single footstep and rechecking EVERYTHING in my apartment.,counting every single footstep,rechecking EVERYTHING in my apartment,,,,,,,,
9,lexapro.167,9,I continue to take it because I was diagnosed with clinical depression 9 years ago and I don't plan on stopping.,clinical depression,,,,,,,,,
8,lexapro.168,8,barely any anxiety or major depression symptoms which has made it easier to deal with the physical side effects.,anxiety,depression,,,,,,,,
4,lexapro.169,4,"i have taken it for 2 years and feel great, very little to no anxiety at all, some weight gain.",anxiety,,,,,,,,,
5,lexapro.169,5,"i not fixated on stupid things that dont really matter,just got over battle with kidney cancer, ok now and loving life, people , dont sweat the little things in life that we dont have any control over, your just waisting brain cells.",fixated on stupid things,sweat the little things,,,,,,,,
1,lexapro.172,1,After taking this medication 2.5mg for 2 days my feelings of shock and depression are subsiding and I am feeling better.,feelings of shock,depression,,,,,,,,
3,lexapro.173,3,"I am sleeping better than ever before, no pounding heart.",sleeping better,pounding heart,,,,,,,,
4,lexapro.173,4,"My follow through is great, where as I used to be flaky and couldn't be counted on, Lexapro has changed all that - now I'm dependable",flaky,couldn't be counted on,,,,,,,,
10,lexapro.175,10,My depression is at an all-time low and my anxiety getting better.,depression,anxiety,,,,,,,,
11,lexapro.175,11,I have relied on Xanax to calm my panic attacks and now slowly weaning off of it due to the Lexapro!,panic attacks,,,,,,,,,
3,lexapro.176,3,"It may have been placebo effect, but I felt relief from anxiety after my second pill.",anxiety,,,,,,,,,
7,lexapro.176,7,"I feel as though I've been disconnected from life for so long, now I feel much more like I can live in the moment.",disconnected from life,,,,,,,,,
17,lexapro.178,17,I started taking this for my Post Partum.,Post Partum,,,,,,,,,
24,lexapro.178,24,I felt so much better but I still had the feeling of uneasiness.,,,,,,,,,,
10,lexapro.179,10,"I now feel so much calmer and happier, no anxiety attacks or feelings of dread.",anxiety attacks,feelings of dread,,,,,,,,
4,lexapro.180,4,It has reduced my anxiety attacks to near nothing!,anxiety attacks,,,,,,,,,
5,lexapro.180,5,"Automatic anxiety occasions (elevator rides, big crowds) now don't trigger automatic responses, which helps a ton.",Automatic anxiety occasions,trigger automatic responses,,,,,,,,
8,lexapro.182,8,"Within a week I felt like my old self but even better, The worries, and the major (and i mean MAJOR deep dark hole depression) I experienced (especially PMS depression) is gone and has stayed gone.",worries,depression,PMS depression,,,,,,,
2,lexapro.183,2,Overall does help my depression.,depression,,,,,,,,,
3,lexapro.186,3,I took this because I began to have severe panic attacks and issues with depression.,panic attacks,depression,,,,,,,,
2,lexapro.187,2,Gave me my life back after completely breaking down six months ago.,breaking down,,,,,,,,,
3,lexapro.187,3,Helped not only with the issues I was immediately experiencing (extreme panic and hypochondria) but long-standing social anxiety and obsessive thoughts have also been relieved.,panic,hypochondria,social anxiey,obsessive thoughts,,,,,,
1,lexapro.189,1,Originally I was prescribed Zoloft for depression & anxiety attacks and was given 50mg dose from the start.,depression,anxiety attacks,,,,,,,,
10,lexapro.189,10,"Social, happy to have company, emotionally well & stable, Again, woke up at 4am (no anxiety) for no reason but fell asleep an hour later.",anxiety,,,,,,,,,
7,lexapro.193,7,"The psychiatrist prescribed Lexapro because I was also having severe mood swings and rage along with the depression, completely stressed out and unhappy.",mood swings,rage,depression,stressed out,unhappy,,,,,
10,lexapro.193,10,"I feel hopeful and happy and content, the kids' antics don't wig me out like they used to.",kids' antics wig me out,,,,,,,,,
11,lexapro.193,11,"The fact that I am sleeping better, too, is a bonus, because I was having a terrible time sleeping more than three hours at a time and spent a couple of hours each night tossing and turning, Not anymore!",terrible time sleeping more than three hours at a time,spent a couple of hours each night tossing and turning,,,,,,,,
6,lexapro.194,6,"If you have an ""inner critic"", it takes that voice away and you feel like you're allowed to feel happy again.",inner critic,,,,,,,,,
1,lexapro.195,1,"Help with anxiety and depression (bipolar related) Had dry mouth for a month when first starting it, None",anxiety,depression,bipolar,,,,,,,
3,lexapro.196,3,Since being on Lexapro my depression has lifted.,depression,,,,,,,,,
4,lexapro.196,4,It seems to be helping for anxiety as well but I also take .5mg of Klonopin twice a day.,anxiety,,,,,,,,,
7,lexapro.197,7,With my depression everything stays jumbled up in my head and Lexapro helps me sort it all out.,depression,everything stays jumbled up in my head,,,,,,,,
4,lexapro.198,4,"It really helped a lot, though my anxiety is still present it is not crippling like it used to be.",anxiety,,,,,,,,,
4,lexapro.200,4,"Reduced my anxiety and depression by at least 80%, Love it,",anxiety,depression,,,,,,,,
7,lexapro.201,7,"Sometimes I think the vivid dreaming keeps you from getting quality sleep, However, this medicine has been great-I had anxiety from divorce, new home, new job and dealing with a severely depressed ex-spouse (who is now on Effexor).",anxiety,vivid dreaming,,,,,,,,
8,lexapro.201,8,The Lexapro has helped me to keep from dwelling on things I can't change.,dwelling on things I can't change,,,,,,,,,
2,lexapro.202,2,"Lexapro really helps anxiety, Depression too.",anxiety,depression,,,,,,,,
2,lexapro.204,2,"took l0 mg lexapro in combination with .5 klonpin 3x a day, eliminated a cycle of depression and anxiety I had for 2 yrs.",depression,anxiety,,,,,,,,
3,lexapro.205,3,My anxiety is almost completely gone and my depressed mood has mostly lifted.,anxiety,depressed mood,,,,,,,,
2,lexapro.207,2,I have been taking meds for 6 years to treat anxiety and depression.,anxiety,depression,,,,,,,,
5,lexapro.208,5,I don't cry about every little thing anymore.,crying,,,,,,,,,
6,lexapro.208,6,I don't have the night sweats or fits of rage anymore.,night sweats,fits of rage,,,,,,,,
2,lexapro.209,2,"At 20 mg, depression was completely under control, but had weight gain and mild insomnia, o",depression,,,,,,,,,
4,lexapro.211,4,"I could hardly get out of bed I would have lost my job, because I had already called in to work a bit and was unable to function before I started lexapro.",hardly get out of bed,unable to function,,,,,,,,
2,lexapro.212,2,"I have a feeling of wellness and contentment; no anxiety attacks, no weight gain, no night sweats - i just feel like my old self - optimistic and upbeat.",anxiety attacks,weight gain,night sweats,,,,,,,
5,lexapro.213,5,"It worked at 10mg, but only relieved about 50% of a very severe depression.",very severe depression,,,,,,,,,
6,lexapro.213,6,Increased to 20mg 3 months ago and it fully resolved my depression.,depression,,,,,,,,,
3,lexapro.217,3,"Suffered from sporadic depression/anxiety for over 20 years, and had been in and out of counseling for about 18 years before trying lexapro.",depression,anxiety,,,,,,,,
2,lexapro.218,2,Effective in reducing anxiety and depression in less than a week.,anxiety,depression,,,,,,,,
1,zoloft.5,1,"Took the pill for depression for a year and a half, extreme weight gain, no sex drive, even more depressed",depression,depressed,,,,,,,,
9,zoloft.12,9,Zoloft was prescribed to me to help with depression and if I knew that there were reported cases that this anti-depressant could increase the risk of suicide I NEVER would have agreed to take the medication.,depression,,,,,,,,,
4,zoloft.15,4,this drug works well for my dad with unipolar major depression.,unipolar major depression,,,,,,,,,
4,zoloft.26,4,I was severly depressed and breast-feeding my son so this was the only option I had at the time (it is considered safe for nursing babies).,depressed,,,,,,,,,
3,zoloft.45,3,"My depression was eleviated but I still wasn't myself, even when I went up to 200 mg.",depression,,,,,,,,,
4,zoloft.50,4,Anxiety is gone but still feel down. ,anxiety,,,,,,,,,
2,zoloft.53,2,Zoloft did help with my anxiety but the side effects were just to much to handle to the point that I would rather live with anxiety than to live with these ugly side effects.,anxiety,,,,,,,,,
4,zoloft.58,4,"It did, however, fix the seratonin related imbalance, such as excessive crying and worrying.",excessive crying,worrying,,,,,,,,
5,zoloft.61,5,"I found this drug to not do much in the way of improving my anxiety problem, although it did work very well on depression.",anxiety,depression,,,,,,,,
2,zoloft.62,2,"I originally was on Zoloft for two or three years and then stopped taking it, but had started to develop symptoms of depression again about 2 1/2 years ago.",depression,,,,,,,,,
9,zoloft.62,9,"Despite the side effects, I have found Zoloft helpful in keeping my moods moderated, especially when I feel low (though, on the other hand, I also don't really ever feel extremely happy on it either).",feel low,,,,,,,,,
3,zoloft.63,3,"zoloft worked wonders for my depression,but after gaining a ton of weight and losing the desire to be intimate with my husband i have switched to wellbutrin xl.",depression,,,,,,,,,
1,zoloft.65,1,The first time I took Zoloft was for depression and explosive anger when I was 19 and it worked like a dream.,depression,explosive anger,,,,,,,,
2,zoloft.66,2,"i think there are better drugs out there now to treat anxiety and depression, this drug has far too many side effects for anyone to feel comfortable taking it.",anxiety,depression,,,,,,,,
4,zoloft.66,4,thoughts of suicide decreased.,thought of suicide,,,,,,,,,
9,zoloft.66,9,in conclusion there are better drugs out there to treat depression.,depression,,,,,,,,,
4,zoloft.71,4,But it did help with depression.,depression,,,,,,,,,
2,zoloft.74,2,I only take it now when I am having a particularly BAD day (suicidal).,suicidal,,,,,,,,,
4,zoloft.75,4,It seemed to stop severe depression and helped my mood enough so that with counselling and support I could eventually get on with my life.,severe depression,,,,,,,,,
4,zoloft.77,4,During the first month or so I noticed a definite decrease in my anger and anxiety.,anger,anxiety,,,,,,,,
7,zoloft.77,7,"My anxiety is more under control, but not gone.",anxiety,,,,,,,,,
2,zoloft.78,2,Helped with depression but total lack of desire for sex,depression,,,,,,,,,
2,zoloft.82,2,I was put on Zoloft for severe depression.,severe depression,,,,,,,,,
3,zoloft.82,3,It has worked for my depression but the Dr. told me that it would help my RLS.,depression, RLS,,,,,,,,
7,zoloft.82,7,But it works great for my depression,depression,,,,,,,,,
4,zoloft.83,4,I have also noticed that my mood has improved and I'm not weepy like before.,mood has improved,weepy,,,,,,,,
4,zoloft.85,4,"The depression lifted a bit but the anxiety, head pressure, dizziness, insomnia were unbearable.",depression,,,,,,,,,
2,zoloft.87,2,For treating major depression.,depression,,,,,,,,,
2,zoloft.90,2,"Has helped me with my anxiety and depression, though I still do worry alot, maybe more than before.",anxiety,depression,,,,,,,,
3,zoloft.91,3,took away all the depression I was experiencing for three months.,depression,,,,,,,,,
4,zoloft.91,4,"after 2 years, I built up a tolerance and had to increase it from 50 mg to 100 mg. the depression was creeping back again.",depression,,,,,,,,,
4,zoloft.92,4,It has also helped me out of a deep depression that zoloft could not do.,depression,,,,,,,,,
9,zoloft.94,9,"It did only allow me to think about one subject at a time other than my previous 9,846 thoughts in 2 minutes.","9,846 thoughts in 2 minutes",,,,,,,,,
2,zoloft.95,2,Was placed on Zoloft after suicide attempt.,suicide attempt,,,,,,,,,
4,zoloft.95,4,"Zoloft helped balance my mood after about a month, but the mania made my life more difficult.",balance my mood,,,,,,,,,
3,zoloft.99,3,"I guess that's always better than feeling suicidal, right?",feeling suicidal,,,,,,,,,
2,zoloft.100,2,The first few months i was on Zoloft my depression and anxiety were definitely lifted.,depression,anxiety,,,,,,,,
2,zoloft.104,2,Within a week I felt my energy level increase and depressed/suicidal thoughts decrease.,depressed,suicidal thoughts,energy level increased,,,,,,,
3,zoloft.104,3,"After a month some of the anxiety and self-destructive urges returned, but I feel more able to manage these episodes and they are less crushing.",anxiety,self-destructive urges,,,,,,,,
5,zoloft.104,5,"I still feel like ""myself"" but just less miserable and irritable.",miserable,irritable,,,,,,,,
8,zoloft.104,8,It has really helped for symptoms of depression and with less side affects than I was afraid of.,depression,,,,,,,,,
3,zoloft.108,3,"I stuck with it, and now I am realizing what a sad, pathetic, lonley, afraid, antisocial, hermit I used to be.",sad,pathetic,lonley,afraid, antisocial,hermit,,,,
6,zoloft.112,6,"However, having severe depression, I had no choice but to stick with it Slow titration helped a lot.",depression,,,,,,,,,
8,zoloft.112,8,Now depression-free for 5 years or so.,depression,,,,,,,,,
4,zoloft.113,4,My depression was gone until after about 5 months then the Zoloft just stopped working.,depression,,,,,,,,,
12,zoloft.113,12,It helpped me to feel the appropriate feelings for a situation instead of the all consuming feelings of doom and self loathing.,feelings of doom,self loathing,,,,,,,,
13,zoloft.113,13,Without antidepressants I am sure I would have kiled myself by now.,kiled myself,,,,,,,,,
3,zoloft.115,3,I no longer cry everyday and think of suicide everyday.,cry everyday, think of suicide,,,,,,,,
9,zoloft.116,9,"I must say that I noticed a dramatic difference- I'm always tired because of night shift, but I feel NO depression.",depression,,,,,,,,,
11,zoloft.116,11,"I stated I feel apathy, but I believe its because I feel apathy towards things that used to make me sad and depressed, and anxious.",sad,depressed,anxious,,,,,,,
12,zoloft.116,12,"As far as my OCD, I have less trouble dealing with my intrusive thoughts and am not a nervous wreck following my episodes.",OCD,intrusive thoughts,nervous,,,,,,,
2,zoloft.121,2,This medication has turned my life around; I'd been suffering from moderate to severe depression for decades and was afraid to take antidepressents until my doctor convinced me to at least try Zoloft for a while.,severe depression,,,,,,,,,
2,zoloft.123,2,Before being prescribed Zoloft I was very depressed and suicidal.,depressed,suicidal,,,,,,,,
3,zoloft.123,3,"After a few weeks on Zoloft it was amazing to me the way I felt (that is , not constantly depressed).",depressed,,,,,,,,,
2,zoloft.124,2,"The first 3 weeks of Zoloft (25mg), the anxiety had pretty much subsided (the clenched feeling in my chest was gone!",anxiety,clenched feeling in my chest,,,,,,,,
8,zoloft.124,8,"Here- sometimes I felt more depressed, lethargic, and would get upset at things that normally wouldnt upset me, or felt too ""whatever happens is fine"" Went back down to 50mg 2x a week, 25mg5x a week.",depressed,lethargic,upset,,,,,,,
12,zoloft.124,12,"Also, my feeling of being able to trust others improved (guess I had mild paranoia that I didnt know I had).",paranoia,,,,,,,,,
2,zoloft.126,2,It worked better than any other medication I have ever taken for depression.,depression,,,,,,,,,
4,zoloft.127,4,"This medication is supposedly supposed to help with anxiety, but for me, I have to take a second medication for that.",anxiety,,,,,,,,,
4,zoloft.130,4,Zoloft has made all the difference in my life: I'm no longer depressed.,depressed,,,,,,,,,
8,zoloft.135,8,It helped get rid of the depression yet I still felt completely myself - not like a zombie at all.,depression,,,,,,,,,
6,zoloft.137,6,It helped a lot at the beginning when I had anxiety attacks and depression.,anxiety attacks,depression,,,,,,,,
4,zoloft.139,4,I started taking zoloft for depression and insomnia.,depression,insomnia,,,,,,,,
5,zoloft.139,5,"Thankfully, it took care of insomnia from the very first night.",insomnia,,,,,,,,,
15,zoloft.139,15,"Zoloft helped me a great deal, really helped me get out of a deep depression.",deep depression,,,,,,,,,
1,zoloft.140,1,"weight gain that I cannot shake, but other than that it is much easier staying on an even keel in my PM week, and my family doesn't have to tolerate an anxious B**** who wants nothing but to run away during that week. ",anxious,wants nothing but to run away,,,,,,,,
5,zoloft.141,5,I can tell I get less angry at things and sometimes less sad - the only complaint is not being able to express sadness.,angry,sad,,,,,,,,
2,zoloft.143,2,the irritablility is less than the irritability I had from PMS before taking zoloft.,irritability,,,,,,,,,
3,zoloft.143,3,despite the side effects the medicine works very well for anxiety.,anxiety,,,,,,,,,
3,zoloft.144,3,"Zoloft worked quickly and effectively at first, but eventually the weight gain it caused led to more depression (not to mention other health problems!)",depression,,,,,,,,,
2,zoloft.145,2,I love Zoloft because of the very few side effects and its effectiveness in treating my anxiety and depression.,anxiety,depression,,,,,,,,
2,zoloft.146,2,"It did help me with my depression and suicidal thoughts, but I have gained quite a bit of weight.",depression,suicidal thoughts,,,,,,,,
3,zoloft.149,3,Anxiety was greatly decreased within one hour of taking medication.,anxiety,,,,,,,,,
3,zoloft.150,3,"Works for my form of depression, however it has destroyed my sleeping patterns.",depression,,,,,,,,,
2,zoloft.151,2,"It works well with both the OCD and the depression, but I feel numb: nothing seems to affect my mood in good or bad ways.",OCD,depression,,,,,,,,
4,zoloft.152,4,"Helped the depression only quit taking it because it affected my job (the sleepiness) think it may have helped the anxiety, I remember I was able to cut back on my dosage of xanax.",depression,anxiety,,,,,,,,
2,zoloft.153,2,I've been taking it for 12 years for suicidal depression.,suicidal,depression,,,,,,,,
3,zoloft.153,3,"This drug has worked really well for my depression, and I feel is worth the side effects.",depression,,,,,,,,,
1,zoloft.161,1,"Loss of sex drive, however, the side effects of depression are much worse.",depression,,,,,,,,,
3,zoloft.161,3,Stopped me from thinking about suicide every single day for years.,thinking about suicide,,,,,,,,,
2,zoloft.164,2,It resolved my depession.,depression,,,,,,,,,
5,zoloft.165,5,"I am only on 50mg but my insomnia is gone, my anxiety is under control, and I get depressed less often.",insomnia,anxiety,depressed,,,,,,,
4,zoloft.169,4,Completely silenced the endless tape loop in my head that kept telling me about all the horrible things that would probably happen.,endless tape loop in my head,all the horrible things that would probably happen,,,,,,,,
1,zoloft.175,1,"Over a 10 yr period I have gained 70 lbs Other than that, it helped me with my anxiety attacks and depression.",anxiety attacks,depression,,,,,,,,
3,zoloft.175,3,"I used to have one negative thought that would snowball into two etc So with behavioral therapy and 100 mg a day of Zoloft, I was able to feel at ease.", negative thought,,,,,,,,,
11,zoloft.177,11,"Before this medicine, I could sinkand sink and sink into depression, seemingly without end.",depression,,,,,,,,,
12,zoloft.177,12,"The biggest gift of Zoloft, I'd say, is that it allows me to *think*; those of us severely depressed know that, even worse than the dysthymia, is the inability to read printed matter.",depressed,inability to read printed matter,,,,,,,,
4,zoloft.178,4,I spent over sixty years depressed before.,depressed,,,,,,,,,
6,zoloft.178,6,But in addition to eliminating the depression it also eliminated the highs.,depression,highs,,,,,,,,
6,zoloft.182,6,"I have way more energy, actually crave social situations, when before I preferred solitude, I have a sex drive, and more confidence.",preferred solitude,,,,,,,,,
9,zoloft.182,9,"I still feel, my emotions are not numb (thank God), but I no longer internalize, and foster negative feelings.",negative feelings,,,,,,,,,
2,zoloft.183,2,I had been taking Lexapro for about 5 years and it did little to help my anxiety.,anxiety,,,,,,,,,
1,zoloft.184,1,"None whatsoever, except more and more confidence that my chronic depression will never return.",depression,,,,,,,,,
5,zoloft.184,5,"The older types worked up to a point, but there was always an underlying feeling that depression would emerge, and sometimes it did.",depression,,,,,,,,,
4,zoloft.185,4,I tried a couple other anti-depressants before Zoloft that either made me even more depressed or didn't help at all.,depressed,,,,,,,,,
3,zoloft.190,3,"After a few weeks that ended as well as my crying spells, my hate for life, and my suicidal thoughts.",crying spells, hate for life,suicidal thoughts,,,,,,,
9,zoloft.190,9,I recommend this drug to anyone who needs help dealing with depression.,depression,,,,,,,,,
2,zoloft.191,2,This is a great drug for depression and social anxiety.,depression,social anxiety,,,,,,,,
4,zoloft.191,4,"Before, people always made me nervous, anxious or just uncomfortable in some way.",people always made me nervous,people always made me anxious,people always made me uncomfortable,,,,,,,
6,zoloft.194,6,It did help the depression though.,depression,,,,,,,,,
6,zoloft.197,6,"It's not only controlling my anxiety and depression but it's controlling anger, and my thought process in general.",anxiety,depression,anger,,,,,,,
7,zoloft.197,7,"Before Zoloft I was easily confused, now I can think clearly and control my thoughts.",confused,,,,,,,,,
3,zoloft.198,3,"It prevents the mood swings I used to have, without making me feel spacey.",mood swings,,,,,,,,,
2,zoloft.199,2,Saved my life - it's amazing to go through life without the feeling of dread and hopelessness.,feeling of dread ,hopelessness,,,,,,,,
1,zoloft.200,1,"had much more energy, improvement in grades, felt fully rested every morning, weight loss, incredible improvement in general attitude, much less shy.",shy,improvement in general attitude,,,,,,,,
3,zoloft.200,3,i would suggest zoloft to anyone who has been diagnosed with depression,depression,,,,,,,,,
7,zoloft.203,7,"I battled for a long time if I should seek meds as a solution to my depression, and after one year and one dose increase to 100mg I feel like a person who is on top of my game.",depression,,,,,,,,,
9,zoloft.203,9,I always have the energy and positive attitude to do what I want - not the negative depressed attitude I used to have.,negative depressed attitude,,,,,,,,,
7,zoloft.204,7,I wanted to end my life and zoloft really has helped me kick the depression and suicidal thoughts.,wanted to end my life,depression,suicidal thoughts,,,,,,,
2,zoloft.207,2,Overall not too bad comparing to LEXAPRO and previous paranoid state of mind.,paranoid,,,,,,,,,
3,zoloft.208,3,I went from being a disfunctional depressed person to moderatly happy.,disfunctional,depressed,,,,,,,,
4,zoloft.208,4,I started out at 25 mgs and over the years increased from 100-150)  For me the drug was great and helped with anxiety tremendously.,anxiety,,,,,,,,,
4,zoloft.211,4,"Zoloft, whereas it's not a cure helps to relieve my anxiety/depression or in the worst case helps to make it manageable.",anxiety,depression,,,,,,,,
5,zoloft.211,5,It took away the running tingling sensations running down my arms and neck.,tingling sensations running down my arms and neck,,,,,,,,,
7,zoloft.211,7,I use this in combination with a small dose of Elavil and/or Trazedone to improve sleep (my sleep quality is poor with or without Zolot).,sleep quality is poor,,,,,,,,,
2,zoloft.212,2,Anxiety in beginning just from the thought of taking med because I was already anxious.,anxious,,,,,,,,,
2,zoloft.213,2,"instead of isolating, I feel more at ease socially and I like being with people and feel especially close and grateful for my family,(our pet dogs Joei and Jadie) and loved one.",isolating,,,,,,,,,
3,cymbalta.18,3,Worked very well with minimal side effects but felt my anxiety was starting to get worse.,anxiety,,,,,,,,,
4,cymbalta.38,4,The depression was not as bad as I feel on this medication.,depression,,,,,,,,,
2,cymbalta.40,2,"I was prescribed this medicine to help with depression and anxiety, but the side effects are awful.",depression,anxiety,,,,,,,,
3,cymbalta.47,3,"If that werent enough, it increases anxiety and thus has less value as an anti-depressant.", anxiety,,,,,,,,,
9,cymbalta.47,9,"Consequently, I was placed on anti-depressants to counteract the side effects of pain medication, and also because the constant pain sucked the life out of me.", constant pain,,,,,,,,,
1,cymbalta.49,1,"agitation; hostility; suicidial thoughts; increased pain; increased depression; muscle spasams in legs and feet; dry eye; increased blood pressure; heart palpitations; increased anxiety, etc Switched to Cymbalta because of claims that it helps with pain.",pain,,,,,,,,,
3,cymbalta.50,3,Prescribed Cymbalta and thought it helped overcome depression and anxiety because of job loss.,anxiety,depression,,,,,,,,
6,cymbalta.50,6,Less anxiety and depression but less life.,anxiety,depression,,,,,,,,
5,cymbalta.55,5,"No discernible effect on the depression after 8 weeks at recommended therapeutic dosage of 60 mg/day, at which point we decided that due to the already-present undesirable side effects, it would be a bad idea to try increasing the dose further.",depression,,,,,,,,,
3,cymbalta.64,3,"I went on it to calm me down a bit, I am very anxious, and it has done the opposite.",very anxious,,,,,,,,,
7,cymbalta.65,7,"My feelings of depression, which Cymbalta was supossed to fix, were increased and I found myself contemplating sucidial or destructive actions a lot.",depression,,,,,,,,,
7,cymbalta.69,7,No thoughts of suicide just deeper depression.,suicide,deeper depression,,,,,,,,
9,cymbalta.69,9,"My fatigue and down time is still present, no suicide thoughts but just NO enjoyment in anything.",down time,suicide thoughts,,,,,,,,
5,cymbalta.70,5,"However, the depression and moodiness quickly returned and my psychiatrist decided to try Cymbalta.",depression,moodiness,,,,,,,,
10,cymbalta.70,10,"Further, I suffer from PMS and Prozac was highly effective for relieving those symptoms.",PMS,,,,,,,,,
1,cymbalta.73,1,"changed from effexor, which solved my depression and anxiety, because I started sleeping all of the time after being on it for about 10 months.",depression,anxiety,,,,,,,,
2,cymbalta.74,2,Initially helped with depression but after a while just felt spaced out and tired all the time.,depression,,,,,,,,,
2,cymbalta.75,2,I have given this drug an adequate trial time and I feel that it has not helped my depression.,depression,,,,,,,,,
2,cymbalta.77,2,I liked that it made me seem emotionally detached events happened that would normally make me burst into tears but with Cymbalta I was emotionally free.,burst into tears,,,,,,,,,
6,cymbalta.78,6,After about 4 days on this med I n oticed a definite uplift in my mood and my anxiety was a little lower.,uplift in my mood,anxiety,,,,,,,,
11,cymbalta.78,11,I have to admit that my anxiety is not as bad and my depression is not as bad.,anxiety ,depression,,,,,,,,
12,cymbalta.78,12,I don't cry as much which is a bonus but I do feel like crying at times during the day and I really hoped to be feeling much much better at the 11 week stage.,feel like crying at times,,,,,,,,,
8,cymbalta.83,8,"Yes, it did take the anxiety away, but it's making mashed potatoes out of my brain.",anxiety,,,,,,,,,
4,cymbalta.89,4,I went on Cymbalta for my Depression/Fibromyalgia.,Depression,Fibromyalgia,,,,,,,,
5,cymbalta.89,5,I also have Chronic Fatigue Syndrome so my Dr. was hoping it would lift my depression and help me to regulate my sleep cycle and get up earlier in the morning.,depression,regulate my sleep cycle,get up earlier in the morning,,,,,,,
10,cymbalta.89,10,The one thing I did notice is it controlled my ruminating which was a bit of a relief.,ruminating,,,,,,,,,
1,cymbalta.90,1,"Less depression, although still had low-moderate level at times, but couldn't ""feel"" much of anything.",depression,,,,,,,,,
2,cymbalta.92,2,"I thought this was supposed to help depression, I think it made it worse!",depression,,,,,,,,,
2,cymbalta.94,2,"I'm in the middle of weaning from Effexor XR and adding Cymbalta, since becoming more depressed and anxious recently.",depressed,anxious,,,,,,,,
5,cymbalta.94,5,"My doctor recommended switching the Eff to Cymbalta, because of this deeper, developing depression.",depression,,,,,,,,,
2,cymbalta.95,2,"For the first 3 weeks, life was getting a lot easier and I started to hope that I was going to come out of that long tunnel of depression.",depression,,,,,,,,,
13,cymbalta.95,13,It really works great on depression.,depression,,,,,,,,,
7,cymbalta.98,7,"Also, it seems as though this drug isn't a great treatment for anything other than depression/axiety.",depression,axiety,,,,,,,,
2,cymbalta.99,2,Really worked great on my general pain & depression.,general pain,depression,,,,,,,,
3,cymbalta.99,3,"Had it not been for the one side effect, I'd likely have continued it indefinitely for Fibro Pain & Depression.",Fibro Pain,depression,,,,,,,,
2,cymbalta.102,2,it helps w/the depression but I still feel pretty lousy - just bounce back a little easier,depression,,,,,,,,,
8,cymbalta.104,8,"Cymbalta has helped with depression, but I've had better success with much less, unpleasant side effects from other medications, and soon I will be switching back.",depression,,,,,,,,,
8,cymbalta.105,8,It helps depression but beware of the horrible withdrawals.,depression,,,,,,,,,
3,cymbalta.111,3,"I have found Cymbalta to be helpful in reducing my anxiety, but not as effective for my chronic depression.",anxiety,,,,,,,,,
4,cymbalta.111,4,"Before, I was starting to drink a glass or 2 of wine at night to reduce my anxiety.",anxiety,,,,,,,,,
5,cymbalta.111,5,Now I don't feel any need to drink to reduce anxiety anymore.,anxiety,,,,,,,,,
6,cymbalta.111,6,"As for depression, I took prozac years ago, and found that much more effective in eliminating my depression.",depression,depression,,,,,,,,
10,cymbalta.120,10,"The drug has helped with the depression, however the side effects are awful.",depression,,,,,,,,,
3,cymbalta.124,3,and i saw no differneces in my depression but my mom said i was a little happier.,depression,,,,,,,,,
2,cymbalta.125,2,Cymbalta definitely helped with the depression., depression,,,,,,,,,
4,cymbalta.125,4,"It's been somewhat effective with the anxiety, but I find valium works much better for that.",anxiety,,,,,,,,,
6,cymbalta.128,6,"I like the overall way I feel - not too pumped up but not depressed, but the lack of sleep has led me to yet another failed medication.",depressed,,,,,,,,,
2,cymbalta.129,2,Cybalta definitely helped with my depression but the side effects really took a toll on me after only a week.,depression,,,,,,,,,
4,cymbalta.130,4,Pain in minimal though and I feel less anxious and depressed.,pain,anxious , depressed,,,,,,,
3,cymbalta.131,3,I tried Cymbalta at difference dosages and my general impression when I was taking 30mg and later 60mg day was that Cymbalta helped a great deal for my anxiety- I just felt in control again and stupid chores didn't seem like such a big deal anymore.,felt in control again,stupid chores didn't seem like such a big deal,,,,,,,,
7,cymbalta.131,7,"Despite helping with anxiety, I just didn't feel like my mood was lifted sufficiently and that I almost didn't feel like myself anymore- almost just too calm (where I like certain of my manic traits).",anxiety,didn't feel like my mood was lifted sufficiently,manic,,,,,,,
2,cymbalta.133,2,"it only somewhat works,i still need to take buspar to help relieve residual anxiety",residual anxiety,,,,,,,,,
8,cymbalta.134,8,"However, I have no anxiety while taking the medication.",anxiety,,,,,,,,,
10,cymbalta.134,10,Helped me with anxiety.,anxiety,,,,,,,,,
3,cymbalta.136,3,"But after my body adjusted, I did notice quite a difference in my anxiety, and length of dressions bouts.", dressions bouts,anxiety,,,,,,,,
3,cymbalta.142,3,Cymbalta has helped quite a bit (along with therapy and some life style changes) to help me get through depression.,depression,,,,,,,,,
5,cymbalta.143,5,Coming out of such a paralyzing depression is worth it!,paralyzing depression,,,,,,,,,
2,cymbalta.144,2,It has worked exceptionally well for my depression.,depression,,,,,,,,,
3,cymbalta.145,3,For those people who do not understand why anyone would take these drugs with all the side effects YOU HAVE NEVER SUFFERED REAL DEPRESSION.,DEPRESSION,,,,,,,,,
5,cymbalta.150,5,All the anxiety and doom and gloom have just dissappeared.,doom,gloom,,,,,,,,
1,cymbalta.153,1,"HOrrible migraines but i have had migraines since early childhood,This medicine just caused more frequency and higher degree of pain with headaches,Best medicine for depression that i had ever taken and worked instantly.",depression,,,,,,,,,
3,cymbalta.154,3,I feel like i did before the depression ever happened.,depression,,,,,,,,,
4,cymbalta.156,4,Up until now I have been taking Endep for the pain and neuropathy and Citropalapram for depression.,pain,neuropathy,depression,,,,,,,
8,cymbalta.156,8,"Having said that also, it saved my life as I was so bad before taking the drugs all I wanted to do was die to stop the dark depression and pain, so I think I have done well.",dark depression,pain,,,,,,,,
12,cymbalta.159,12,"Much improvement from the suicidal ideation, dysphoria, depression.",suicidal ideation, dysphoria, depression,,,,,,,
17,cymbalta.159,17,"For me, i noticed within 2 days that the rumination was all but ceased.",rumination,,,,,,,,,
2,cymbalta.160,2,"I had intense headaches for the first 3 days of taking Cymbalta, but then the depression ""fog"" cleared and I felt much less weighed down by my thoughts.",depression,weighed down by my thoughts,,,,,,,,
5,cymbalta.160,5,"Overall, I have felt more like myself & much less depressed, but occassionally when I experience a setback, I don't dwell as much on my sad thoughts.",depressed,dwell on my sad thoughts,,,,,,,,
3,cymbalta.161,3,My depression has lifted a lot and the obsessive thinking about my breakup has diminished greatly.,depression,obsessive thinking,,,,,,,,
3,cymbalta.162,3,"I know longer feel tired in the afternoons, I no longer cry at the drop of a hat and I feel alert and focused.",feel tired,cry,,,,,,,,
4,cymbalta.162,4,"Prior to taking this, I was a trembling, sappy mess who could not think about holding a job.",trembling,could not think about holding a job,,,,,,,,
8,cymbalta.164,8,I don't feel as tired and I have not had all of the food cravings that I usually have.,tired,food cravings,,,,,,,,
7,cymbalta.166,7,After 7 months I do not feel any depression or anxiety but am not sure if I even need it anymore either.,depression,anxiety,,,,,,,,
5,cymbalta.169,5,"I feel that it IS still working for the joint pain and somewhat for the depression, however, not as well as it was and I'd rather not increase the dosage.", joint pain,depression,,,,,,,,
8,cymbalta.169,8,I choose to stay on Cymbalta because of it's wonderful help with my joint pain., joint pain,,,,,,,,,
10,cymbalta.169,10,I had no idea that it was used for fibromyalgia patients and the lack of pain was noticed before the help with the depression.,pain,depression,,,,,,,,
3,cymbalta.171,3,"I have relief from major depression, anxiety, suicidal thoughts are becoming fewer, I also take 200 mg of zoloft which I find to be less affective compared to cymbalta.",major depression,anxiety,suicidal thoughts,,,,,,,
5,cymbalta.171,5,I was Determined NOT to remain depressed so I first tried 1/2mg ativan followed by an additional dose of 60 mg of cymbalta.,depressed,,,,,,,,,
6,cymbalta.171,6,Gradually over 3 hrs the heavy dark shroud of miserable depression began to fall away., miserable depression,,,,,,,,,
8,cymbalta.171,8,NO DEPRESSION.,DEPRESSION,,,,,,,,,
14,cymbalta.171,14,"I will accept the annoying side affects if cymbalta continues to keep the grim reaper, depression and anxiety, OUT of lifejourney.",depression,anxiety,,,,,,,,
1,cymbalta.172,1,"Immediately gave relief of peace, loss of depression, no more sadness, and overall terrible body pain disappeared.",sadness,body pain,,,,,,,,
4,cymbalta.173,4,I noticed a major improvement in my depression after 2 weeks.,depression,,,,,,,,,
7,cymbalta.173,7,This is the 4th antidepressant I've tried in the past 6 months & the first to give me any relief from my depression.,depression,,,,,,,,,
7,cymbalta.174,7,"To sum it up, Cymbalta is a good medicine to try if nothing else is helping and especially if you have fibro and depression.",fibro,depression,,,,,,,,
3,cymbalta.176,3,"It has been powerful at curing anxiety, depression and mental clutter.",anxiety,depression,mental clutter,,,,,,,
7,cymbalta.177,7,I have found that this has helped my depression and anxiety very much.,depression,anxiety,,,,,,,,
8,cymbalta.177,8,"I no longer have suicidal thoughts (which i had lived with for fifteen years), I no longer am extremely anxious and negative.",extremely anxious,negative,suicidal thoughts,,,,,,,
10,cymbalta.177,10,Am looking at changing my meds (I also take a small dose of Lamictal every day) as I am very unmotivated and slightly depressed at the moment but I think t could be to do with my life circumstances which aren't great right now.,slightly depressed,unmotivated,,,,,,,,
2,cymbalta.179,2,"Works great for my depression, but caused excessive hunger leading to a 30 lb weight gain in 2 years.",depression,,,,,,,,,
1,cymbalta.183,1,"On 60 mg, took away depression, took away anger 'Lizzie Borden' complex.",depression,anger,,,,,,,,
2,cymbalta.183,2,"On 120 mg 11 months later, depression has lifted and general anxiety has decreased overall, but I feel like I am always 'shaking' and 'cannot breathe', and I cannot sleep any longer than 3 hours per night.",depression,general anxiety,,,,,,,,
4,cymbalta.183,4,It also greatly lessened what I have heard called the 'Lizzy Borden' complex ( extreme anger and outbursts).,extreme anger,outbursts,,,,,,,,
5,cymbalta.183,5,"I am bi-polar, and have also taken Lamictal 100 mg once per day on and off in the past.",bi-polar,,,,,,,,,
1,cymbalta.185,1," Despite its side effects, I find cymbalta the best choice for Depression, Anhedonia and Insomnia due to GAD.",Depression,anhedonia,insomnia,GAD,,,,,,
2,cymbalta.185,2,My GAD controlled my life since I couldn't handle any stressful situation but thanks to duloxetine I can have a normal life again I enjoy playing videogames/watching movies again.,GAD,couldn't handle any stressful situation,,,,,,,,
3,cymbalta.185,3,I can go out with friends again without suffering extreme anxiety I can sleep at night easily and naturally Overall it's a very good drug.,extreme anxiety,,,,,,,,,
3,cymbalta.188,3,"Both my depression and anxiety have abated significantly, though there is some of both left (plus the tiredness, which I suspect could be depression-related).",depression,anxiety,tiredness,,,,,,,
7,cymbalta.190,7,I have fewer panic attacks.,panic attacks,,,,,,,,,
8,cymbalta.190,8,I don't get mad as easily as I did at my kids.,get mad ,,,,,,,,,
6,cymbalta.191,6,I don't explode when something stressful happens .,explode when something stressful happens,,,,,,,,,
5,cymbalta.192,5,I sometimes supplement with Lexapro 20mg if my depression or anxiety increases for more than a couple of weeks.,depression,anxiety,,,,,,,,
3,cymbalta.193,3,I was already taking Wellbutrin but the depression was the worst I had ever had and doctor added the cymbalta 30 mg a day.,depression,,,,,,,,,
6,cymbalta.194,6,Originally I was put on it with a view to ceasing after 6 months but I was terrified I'd revisit the horrible depression and anxiety so I stayed on it.,horrible depression,anxiety,,,,,,,,
2,cymbalta.196,2,love love love this medicine its made a tremendous difference in my life it doesnt really do anything for my pain but helps alot for my depression and moods.,depression,,,,,,,,,
2,cymbalta.199,2,"been on 120mg for 12 months, from being suicidal am now back at work full time, feeling normal again other than the side effects.",suicidal,,,,,,,,,
3,cymbalta.200,3,Cymbalta has definately helped me with nerve/muscle pain and with depression.,nerve/muscle pain,depression,,,,,,,,
5,cymbalta.202,5,Controls worst of my depression and anxiety.,depression,anxiety,,,,,,,,
2,cymbalta.204,2,I started taking Cymbalta for depression and also pain from interstitial cystitis and vulvodynia.,depression,pain,interstitial cystitis,vulvodynia,,,,,,
2,cymbalta.205,2,It has really helped with my depression.,depression,,,,,,,,,
1,cymbalta.206,1,been great for depression.,depression,,,,,,,,,
4,cymbalta.206,4,No longer on an emotional rollercoaster.,emotional rollercoaster,,,,,,,,,
5,cymbalta.206,5,"When I wake up sad, I don't spiral into a full blown depression.",full blown depression,,,,,,,,,
2,cymbalta.207,2,Really has helped my depression and know that I am a much happier person taking it but I HATE the weight gain and constipation.,depression,,,,,,,,,
3,cymbalta.208,3,THOUGHT I WAS GOING TO DIE UNTIL I STARTED TAKING CYBALTA.,WAS GOING TO DIE ,,,,,,,,,
6,cymbalta.208,6,"CHEST PAINS STARTED TO GO AWAY, MY BREATHING RETURNED TO NORMAL, WASNT CONSTANTLY WORRYING ABOUT MY HEALTH AND NOW AFTER 3 WEEKS OF TAKING IT I FEEL GREAT.",chest pains,breathing returned to normal,constanly worrying about my health,,,,,,,
2,cymbalta.209,2,Immediate relief from depression on the second afternoon.,depression,,,,,,,,,
7,cymbalta.210,7,For the first two weeks I had to take xanax every now and then until the cymbalta built up in my system to fight the anxiety.,anxiety,,,,,,,,,
9,cymbalta.210,9,"My mood is better, the anxiety is gone.",mood is better,anxiety,,,,,,,,
2,cymbalta.211,2,Was finally prescribed this after many years of depression.,depression,,,,,,,,,
7,cymbalta.214,7,"I went from having explosive mood swings, to being more easygoing and stable.",explosive mood swings,more easygoing ,more stable,,,,,,,
9,cymbalta.214,9,I feel less needy and fearful of abandonment.,fear of abandonment,needy,,,,,,,,
5,cymbalta.215,5,I think Cymbalta eased my osteoarthritis pain a great deal., osteoarthritis pain,,,,,,,,,
6,cymbalta.219,6,"Fibro pain greatly reduced, energy up, sleep and dreaming wonderful after many years of not much of either.",sleep and dreaming wonderful after many years of not much of either,Fibro pain,,,,,,,,
15,cymbalta.221,15,I am slowly getting my life back from severe depression.,severe depression,,,,,,,,,
20,cymbalta.221,20,"I've suffered with PMDD for years, and I always know when I am about to start when the PMDD starts up.",PMDD,,,,,,,,,
21,cymbalta.221,21,"I can get so depressed right before my period that I would be downright suicidal, cry uncontrollably, have passive aggressive tendencies, and that is gone.",suicidal,cry uncontrollably,passive aggressive tendencies,depressed,,,,,,
8,cymbalta.222,8,"I've suffered from GAD for quite a long time, and this drug works wonders.",GAD,,,,,,,,,
9,cymbalta.222,9,Things that I would obsess over before no longer are a concern.,Things that I would obsess,,,,,,,,,
2,cymbalta.223,2,After the two weeks the neuropathy pain subsided and had a loss of appetite which was a good thing for me.,neuropathy pain,,,,,,,,,
6,cymbalta.223,6,In the past I have taken zoloft which I could not tell that it helped with the depression.,depression,,,,,,,,,
7,cymbalta.223,7,My Doctor which me to cymbalta because of the neuropathy pain I was having.,neuropathy pain,,,,,,,,,
3,cymbalta.224,3,It has GREATLY reduced my level of anxiety and depression.,anxiety,depression,,,,,,,,
3,cymbalta.227,3,"After discussing this drug at great length with my Pdoc, reviewing the research, looking at brain scans etc, we decided this was my best option for managing PTSD symptoms associated with childhood s*xual abuse.",PTSD,,,,,,,,,
5,cymbalta.227,5,"Since switching to Cymbalta, my depression & anxiety are very well managed.",depression,anxiey,,,,,,,,
2,cymbalta.228,2,Worked great on depression.,depression,,,,,,,,,
3,cymbalta.228,3,Waiting for it to kick in fully for anxiety.,anxiety,,,,,,,,,
3,cymbalta.229,3,"My anxiety levels are down,I'm calm,mental clutter is gone,sleeping better.",anxiety,mental clutter,sleeping better,,,,,,,
4,cymbalta.229,4,Muscle pain from fibromalgia is reduced.,fibromyalgia,Muscle pain,,,,,,,,
5,cymbalta.229,5,Depression is gone.,Depression,,,,,,,,,
4,cymbalta.230,4,"After 2 weeks on this drug, the pain is gone.",pain,,,,,,,,,
5,cymbalta.230,5,I am also free of anxiety and my depression is lifting.,anxiety,depression,,,,,,,,
2,cymbalta.231,2,Saved both myself and my daughter from deep depression pretty quickly., deep depression,,,,,,,,,
2,EffexorXR.3,2,Sure it helps depression because it makes you not give a rats ass about anything!,depression,,,,,,,,,
2,EffexorXR.4,2,"The effexor worked great at first and then slowly i started to sleep more and feel more and more depressed, I also started having weird behavior.",depressed,,,,,,,,,
1,EffexorXR.5,1,"constipation, drastic mood swings, 100% helped my anxiety and panic.",anxiety,panic,,,,,,,,
2,EffexorXR.11,2,"At first it was okay because I didn't feel as anxious as I usually did, Eventually, I began to have hand shakes and once in a while my body feels out of sync.",anxious,,,,,,,,,
3,EffexorXR.11,3,"I no have problems with anemia because I am always bleeding,Dr's have not suggested effexor as the culprit, but it is the only medicine I take and it will not go away.",anemia,,,,,,,,,
6,EffexorXR.12,6,"i USED TO FEEL WORRY, ANXIETY, DEPRESSION, NOW I FEEL NOTHING BUT ANGER TO THE SO CALLED PRO THAT PERSCRIBBED THIS",WORRY,anxiety,depression,,,,,,,
2,EffexorXR.14,2,I began The Drug From The Lower Pits Of Hell on the advice of my female OB/GYN who pushed it as something to help me through menopause difficulties.,menopause,,,,,,,,,
1,EffexorXR.23,1,Effexor was awesome for relieving my depression!,depression,,,,,,,,,
5,EffexorXR.23,5,"If a person knew how awful the withdrawal was, they would keep searching for other answers to their depression.",depression,,,,,,,,,
4,EffexorXR.28,4,"2 months ago, started on EFFEXOR XR 75mg depression kept getting worse moved up to 150mg, more stable, dont cry any more.",more stable,cry,,,,,,,,
5,EffexorXR.43,5,Not a good suggestion for depression. ,depression.,,,,,,,,,
5,EffexorXR.44,5,The depression wasn't as bad as the drug !,depression,,,,,,,,,
7,EffexorXR.45,7,The Effexor did work for my depression while taking Lamictal.,depression,,,,,,,,,
4,EffexorXR.48,4,I was only mildly depressed and had I known then what I know now about the withdrawals I never would have taken this.,mildly depressed,,,,,,,,,
1,EffexorXR.61,1,"Please do not take this drug, I started taking it for depression and after just 5 days my hair has fallen out at the front I now have a huge bald patch.",depression,,,,,,,,,
2,EffexorXR.68,2,"it helped with my depression and some with my anxiety, but i gained 35 lbs!",depression,anxiety,,,,,,,,
3,EffexorXR.71,3,I would really caution anyone who wants to begin any drug for depression without first finding out all the facts of this medicine.,depression,,,,,,,,,
2,EffexorXR.77,2,"I confused the awful side effects for feeling more depressed & more anxious, so my doctor upped my dose.",depressed,anxious,,,,,,,,
11,EffexorXR.77,11,The only good thing that's happened from taking it is now I realize my anxiety & depression are not as insurmountable as I thought - being on Effexor IS!,anxiety,depression,,,,,,,,
3,EffexorXR.78,3,"It helped anxiety slightly, but made my depression worse in my eyes.",anxiety,depression,,,,,,,,
3,effexorXR.91,3,"It definitely alleviated my suicidal thoughts and after 2 months, I felt I was in a grey area rather than deep black.",suicidal thoughts,deep black,,,,,,,,
2,effexorXR.92,2,Intially worked great for pain.,pain,,,,,,,,,
5,effexorXR.93,5,"I stoped hating myself, and depression subsided.",hating myself,depression,,,,,,,,
12,effexorXR.93,12,i still have anxiety; no panic attacks.,panic attacks,,,,,,,,,
5,effexorXR.96,5,my slowed mindset has prevented excessive worrying which caused my feeling sad and pessimistic in the first place.,excessive worrying,feeling sad,pessimistic,,,,,,,
8,effexorXR.96,8,This is the first time I have been treated medically for depression and I have not been diagnosed by a specialist.,depression,,,,,,,,,
2,effexorXR.99,2,"It has helped my depression, but I hate the weight gain, and I have a constant feeling/need to eat.",depression,,,,,,,,,
7,effexorXR.99,7,"Its great for depression and anxiety, but I would not recommed it due to the horrible side effects and withdrawl symptoms.",depression,anxiety,,,,,,,,
10,effexorXR.103,10,My anxiety is much improved.,anxiety,,,,,,,,,
16,effexorXR.103,16,The main benefits for me are the reduction of anxiety and the improvement in my energy levels.,reduction of anxiety,,,,,,,,,
2,effexorXR.106,2,"I was diagnosed with ""double depression"".Started on 37.5 mg for about 2 weeks, no change, only very sleepy, missed worked, switched to taking at night, uppped to 75mg for a week or two, helped a little bit, I was at an extremely depressed point in my life before I started and it got me back to my ""regular"" state of derpression.",depressed,derpression,,,,,,,,
2,effexorXR.111,2,"My doctor said that Effexor would be the best drug for me since it is made to help depression and anxiety, both of which I have.",depression,anxiety,,,,,,,,
3,effexorXR.111,3,It didn't help my anxiety at all but I definitely felt less depressed while on it.,depressed,,,,,,,,,
2,effexorXR.114,2,effexor xr works well for my depression & anxiety.,depression,anxiety,,,,,,,,
7,effexorXR.119,7,"I don't lose my temper, go into ranting raging fits anymore.",ranting raging fits,,,,,,,,,
9,effexorXR.122,9,"However, I worry about the day when I decide to go off of them and determine if my depression is more chronic or clinical.",depression,,,,,,,,,
5,effexorXR.124,5,"I used to panic while driving, worried about what other drivers thought of me, I couldn't function at work or with my coworkers, I didn't want to get out of bed in the morning.",panic while driving,worried,could not functioning at work,didn't want to get out of bed,,,,,,
3,effexorXR.125,3,I am able to socialize with people without any anxiety.,anxiety,,,,,,,,,
5,effexorXR.125,5,"As for the depression, it is gone and i'm able to function as a happy human being.",depression,,,,,,,,,
5,effexorXR.126,5,"I dont have fits of rage anymore, I am calm when things happen and that way I deal with them better.",fits of rage,,,,,,,,,
7,effexorXR.128,7,I can live with a few side effects as long as it cures my depression.,depression,,,,,,,,,
3,effexorXR.131,3,"When I have gone off the medication, the depression and anxiety is so awful.",depression,anxiety,,,,,,,,
4,effexorXR.133,4,This has done wonders for my extreme sensitivity and irritability.,extreme sensitivity ,irritability,,,,,,,,
5,effexorXR.133,5,Anxiety and social anxiety virtually gone.,Anxiety,social anxiety,,,,,,,,
3,effexorXR.136,3,"Cured my anxiety and depression wonderfully, stopping the tablets is the difficult part.",,depression,,,,,,,,
9,effexorXR.138,9,I pray that this helps and I can overcome my depression and anxiety.,depression,anxiety,,,,,,,,
2,effexorXR.139,2,This is an excellent medication for anyone who has a depressiv or anxiety disorder.,depressiv,anxiety disorder,,,,,,,,
2,effexorXR.140,2,"Was on this for several years, had back surgery and wanted to quit Effexor because I was no longer depressed or in pain.", depressed,pain,,,,,,,,
12,effexorXR.140,12,"Overall, Effexor did very well relieving my depression.",depression,,,,,,,,,
13,effexorXR.140,13,"It helped keep migraines at bay and I had tolerable, minimal side effects.",migraines,,,,,,,,,
16,effexorXR.140,16,"My pain increased tremendously and I was a basket case emotionally with crying, etc I had to go back on the Effexor and make an appointment with my prescriber to find something to cover me for when I have the myelogram.",crying,,,,,,,,,
8,effexorXR.141,8,"I have had recurring depressive episodes since childhood, and this is the second time I have tried anti-depressants.", recurring depressive episodes,,,,,,,,,
1,effexorXR.142,1,At 37.5mg my depression is controlled.,depression,,,,,,,,,
2,effexorXR.142,2,I will experience episodes of depression but it's manageable., episodes of depression,,,,,,,,,
4,effexorXR.142,4,"For me, this medication manages my depression if I take it at a low dose.",depression,,,,,,,,,
2,effexorXR.145,2,Other than that it has helped enormounsly with my depression.,depression,,,,,,,,,
3,effexorXR.153,3,Greatly improved my depression in a month or so after fluoxetine only gave a slight improvement.,depression,,,,,,,,,
4,effexorXR.155,4,"Generally seems to doing a good job with mood, though I'm not impressed with the sleep issues (couldn't sleep.",doing a good job with mood,,,,,,,,,
6,effexorXR.156,6,Am taking 225 mg Still occassional anxiety but much better.,occassional anxiety,,,,,,,,,
6,effexorXR.159,6,"It did work well for my depression, but reading these make me wonder about other things that have been going on - like the pins & needles I attributed to some other mystery.",depression,,,,,,,,,
3,effexorXR.161,3,I was suicidal before I started taking it.,suicidal,,,,,,,,,
5,effexorXR.163,5,The medication did wonders for my anxiety and depression problems which seem to not have returned once stopping the medication.,anxiety,depression,,,,,,,,
10,effexorXR.166,10,It lifted my spirits at a time when I could barely say a word for days because my mind was so blank.,could barely say a word for days,mind was so blank,,,,,,,,
4,effexorXR.174,4,"It makes me feel normal again, and I suffer from extremely severe depression.",extremely severe depression,,,,,,,,,
4,effexorXR.176,4,My manic depression has driven to do things any normal person would never even think of doing and it seems as though I cannot live without the medicine.,manic depression,,,,,,,,,
5,effexorXR.176,5,I think I may have to have my dosage up'd to the next level because the bad dreams and sudden outbursts are coming back I've noticed.,bad dreams,sudden outbursts,,,,,,,,
8,effexorXR.177,8,has aken away all my anxiety and depression.,anxiety,depression,,,,,,,,
7,effexorXR.179,7,Much better than constant bickering with hubby and occasional temper tantrums where I threw and broke things :(., temper tantrums,threw things,broke things,,,,,,,
1,effexorXR.180,1,"Night Sweats, Restless Legs, Take 150mg, and that, along with Provigil that I started a bit later, appear to have given my regular epilepy meds a push to stop my seizures, that were previously at 4-5 a day.",seizures,,,,,,,,,
1,effexorXR.181,1,"started 2 years ago for depression, panic attacks and social anxiety.",depression,panic attacks,social anxiety,,,,,,,
4,effexorXR.181,4,I stopped over analyzing everything.,over analyzing ,,,,,,,,,
1,effexorXR.182,1,"This medicine has helped me so much, My anxiety, depression, and panic attacks are gone.",anxiety,depression,panic attacks,,,,,,,
3,effexorXR.184,3,Tried Effexor XR and depression gone (only normal ups and downs).,depression,,,,,,,,,
4,effexorXR.188,4,It has worked wonderfully for my panic attacks.,panic attacks,,,,,,,,,
6,effexorXR.191,6,"I still get blue moods, but am able to focus and work through them.",blue moods,,,,,,,,,
2,effexorXR.199,2,"I have been on an antidepressant for 18 years, most have worked (except for welbutrin) and I switched around to avoid side effects from some and to try to get better relief of anxiety.",anxiety,,,,,,,,,
4,effexorXR.199,4,"Effexor has worked for my depression very well, would not be alive without it.",depression,,,,,,,,,
10,effexorXR.201,10,It's potency and side effects can be a nasty surprise for anyone who is taking it for mild depression.,depression,,,,,,,,,
17,effexorXR.201,17,"If the side effects are worse than the depression, you're on the wrong drug.",depression,,,,,,,,,
7,effexorXR.202,7,I was very happy in how it dealt with my depression.,depression,,,,,,,,,
9,effexorXR.204,9,The highs and lows I used to experience dissipated; I didn't well up with emotion at the drop of a hat; I finally felt in some sort of control over my emotional state.,highs and lows I used to experience,well up with emotion at the drop of a hat,finally felt in some sort of control over my emotional state,,,,,,,
12,effexorXR.204,12,"I no longer carry the feeling that I am worthless and useless (despite having a ph,d.and a good career) and the world would be a better place without me.",worthless,useless,,,,,,,,
2,effexorXR.206,2,Before taking effexor I had severe depression & anxiety.,severe depression,anxiety,,,,,,,,
4,effexorXR.207,4,"I am in control of my emotions, and I think I see things the way they actually are, rather than skewed by depression and anxiety, However, I've experienced several instances when I forgot to take my EffexorXR when I went to bed (which is when I take it with vitamins)-and by the time I woke up in the morning.",depression,anxiety,,,,,,,,
2,effexorXR.210,2,Coping with these side effects is nothing compared to coping with severe depression.,severe depression,,,,,,,,,
5,effexorXR.210,5,"I often wonder whether these medications ""pooping out"" for about 30% of people is a clue to the underlying biological cause of depression, Ultimately, I'd like to find others that work so I can switch between them when one stops working, However, I'm yet to find another one that works.",depression,,,,,,,,,
4,effexorXR.213,4,That was about three years ago and I am just starting back up on this drug again after a relapse of depression.,depression,,,,,,,,,
9,effexorXR.213,9,"I also got my appetite back and managed to put on the weight I had lost as a result of my anxiety, Overall.",got my appetite back,weight I had lost,anxiety,,,,,,,
15,effexorXR.213,15,"It may be depression and medication can help, whether it is Effexor XR or another drug.",depression,,,,,,,,,
1,effexorXR.216,1,"used to be so depressed and anxious, that I didn't want to leave the How.",depressed,anxious,,,,,,,,
3,effexorXR.219,3,Depression returned so I went back on at 75MG /day and instantly felt better.,depression,,,,,,,,,
4,effexorXR.219,4,The side effects are far less hassle than being in my dark depression,depression,,,,,,,,,
6,effexorXR.220,6,"I read the symptoms of depression now, and can't believe that I felt like that 5 months ago.",depression,,,,,,,,,
8,effexorXR.223,8,"I have not have a depressed moment since I've been on it, approx, 8 months.",depressed,,,,,,,,,
2,effexorXR.224,2,"I almost lost everyone in my life that I loved and cared for simply because I let the pain of depression eat away at me and my relationships with others, This medicine's side effects are not as bad as living a life filled with doubt.",lost everyone in my life,depression,eat away at my relationships with others,life filled with doubt,,,,,,
3,effexorXR.224,3,I can still have emotions and feelings but not in the roller coaster effect that I once lived with.,roller coaster effect,,,,,,,,,
6,effexorXR.226,6,No longer have crying jags.,crying jags,,,,,,,,,
7,effexorXR.226,7,Able to deal with anxiety better.,anxiety,,,,,,,,,
8,effexorXR.226,8,Able to handle stress better and to look at the bigger picture before I would just jump off the deep end.,stress,jump off the deap end,,,,,,,,
4,effexorXR.227,4,I have been taking 75mg dosage for a year now and it has greatly improved my depression.,depression,,,,,,,,,
5,effexorXR.227,5,The negative obsessive thoughts playing over and over in my head have disappeared completely.,negative obsessive thoughts,,,,,,,,,
8,effexorXR.227,8,I no longer have that sense of dread every morning and I am able to handle the stress of daily life.,sense of dread,,,,,,,,,
